{
  "hash": "61475807",
  "configHash": "97bf915d",
  "lockfileHash": "70ce8c7b",
  "browserHash": "902ac7b9",
  "optimized": {
    "@angular/core": {
      "src": "../../../../../node_modules/@angular/core/fesm2022/core.mjs",
      "file": "@angular_core.js",
      "fileHash": "34385987",
      "needsInterop": false
    },
    "@angular/platform-browser": {
      "src": "../../../../../node_modules/@angular/platform-browser/fesm2022/platform-browser.mjs",
      "file": "@angular_platform-browser.js",
      "fileHash": "8bbfb712",
      "needsInterop": false
    },
    "@angular/router": {
      "src": "../../../../../node_modules/@angular/router/fesm2022/router.mjs",
      "file": "@angular_router.js",
      "fileHash": "9d04bc10",
      "needsInterop": false
    }
  },
  "chunks": {
    "chunk-I5BGHXZG": {
      "file": "chunk-I5BGHXZG.js"
    },
    "chunk-XZJLRREG": {
      "file": "chunk-XZJLRREG.js"
    }
  }
}