{
  "hash": "797c14be",
  "configHash": "269a70e1",
  "lockfileHash": "2b8eccf8",
  "browserHash": "6728e95a",
  "optimized": {
    "@angular/common": {
      "src": "../../../../../node_modules/@angular/common/fesm2022/common.mjs",
      "file": "@angular_common.js",
      "fileHash": "f1621232",
      "needsInterop": false
    },
    "@angular/common/http": {
      "src": "../../../../../node_modules/@angular/common/fesm2022/http.mjs",
      "file": "@angular_common_http.js",
      "fileHash": "cc72ec8c",
      "needsInterop": false
    },
    "@angular/core": {
      "src": "../../../../../node_modules/@angular/core/fesm2022/core.mjs",
      "file": "@angular_core.js",
      "fileHash": "2365bb11",
      "needsInterop": false
    },
    "@angular/forms": {
      "src": "../../../../../node_modules/@angular/forms/fesm2022/forms.mjs",
      "file": "@angular_forms.js",
      "fileHash": "e206dec0",
      "needsInterop": false
    },
    "@angular/platform-browser": {
      "src": "../../../../../node_modules/@angular/platform-browser/fesm2022/platform-browser.mjs",
      "file": "@angular_platform-browser.js",
      "fileHash": "ae7e7d03",
      "needsInterop": false
    },
    "@angular/platform-browser/animations": {
      "src": "../../../../../node_modules/@angular/platform-browser/fesm2022/animations.mjs",
      "file": "@angular_platform-browser_animations.js",
      "fileHash": "88c4f440",
      "needsInterop": false
    },
    "@angular/router": {
      "src": "../../../../../node_modules/@angular/router/fesm2022/router.mjs",
      "file": "@angular_router.js",
      "fileHash": "87664a0e",
      "needsInterop": false
    },
    "bootstrap": {
      "src": "../../../../../node_modules/bootstrap/dist/js/bootstrap.esm.js",
      "file": "bootstrap.js",
      "fileHash": "592e1509",
      "needsInterop": false
    },
    "ngx-toastr": {
      "src": "../../../../../node_modules/ngx-toastr/fesm2022/ngx-toastr.mjs",
      "file": "ngx-toastr.js",
      "fileHash": "4d230af3",
      "needsInterop": false
    }
  },
  "chunks": {
    "chunk-TEBGAWHN": {
      "file": "chunk-TEBGAWHN.js"
    },
    "chunk-7FSTV5CU": {
      "file": "chunk-7FSTV5CU.js"
    },
    "chunk-CJD34OAQ": {
      "file": "chunk-CJD34OAQ.js"
    },
    "chunk-OIK2REZ4": {
      "file": "chunk-OIK2REZ4.js"
    },
    "chunk-CR6SS42P": {
      "file": "chunk-CR6SS42P.js"
    },
    "chunk-GLLL6ZVE": {
      "file": "chunk-GLLL6ZVE.js"
    }
  }
}