{
  "hash": "c090fe92",
  "configHash": "6d671fb4",
  "lockfileHash": "17ca7b8d",
  "browserHash": "f24f52c0",
  "optimized": {
    "@angular/common": {
      "src": "../../../../../node_modules/@angular/common/fesm2022/common.mjs",
      "file": "@angular_common.js",
      "fileHash": "ac1e6fd2",
      "needsInterop": false
    },
    "@angular/common/http": {
      "src": "../../../../../node_modules/@angular/common/fesm2022/http.mjs",
      "file": "@angular_common_http.js",
      "fileHash": "c5e81319",
      "needsInterop": false
    },
    "@angular/core": {
      "src": "../../../../../node_modules/@angular/core/fesm2022/core.mjs",
      "file": "@angular_core.js",
      "fileHash": "0922c5cd",
      "needsInterop": false
    },
    "@angular/forms": {
      "src": "../../../../../node_modules/@angular/forms/fesm2022/forms.mjs",
      "file": "@angular_forms.js",
      "fileHash": "61b8c9ce",
      "needsInterop": false
    },
    "@angular/platform-browser": {
      "src": "../../../../../node_modules/@angular/platform-browser/fesm2022/platform-browser.mjs",
      "file": "@angular_platform-browser.js",
      "fileHash": "3fe4da3f",
      "needsInterop": false
    },
    "@angular/platform-browser/animations": {
      "src": "../../../../../node_modules/@angular/platform-browser/fesm2022/animations.mjs",
      "file": "@angular_platform-browser_animations.js",
      "fileHash": "15469e27",
      "needsInterop": false
    },
    "@angular/router": {
      "src": "../../../../../node_modules/@angular/router/fesm2022/router.mjs",
      "file": "@angular_router.js",
      "fileHash": "4a92a539",
      "needsInterop": false
    },
    "@auth0/angular-jwt": {
      "src": "../../../../../node_modules/@auth0/angular-jwt/fesm2020/auth0-angular-jwt.mjs",
      "file": "@auth0_angular-jwt.js",
      "fileHash": "330fada9",
      "needsInterop": false
    },
    "ngx-toastr": {
      "src": "../../../../../node_modules/ngx-toastr/fesm2022/ngx-toastr.mjs",
      "file": "ngx-toastr.js",
      "fileHash": "66a6aeb5",
      "needsInterop": false
    },
    "rxjs": {
      "src": "../../../../../node_modules/rxjs/dist/esm5/index.js",
      "file": "rxjs.js",
      "fileHash": "7c3c4cd2",
      "needsInterop": false
    }
  },
  "chunks": {
    "chunk-X5R36FUP": {
      "file": "chunk-X5R36FUP.js"
    },
    "chunk-C67LEXHU": {
      "file": "chunk-C67LEXHU.js"
    },
    "chunk-NDAWTX56": {
      "file": "chunk-NDAWTX56.js"
    },
    "chunk-6AM2523Y": {
      "file": "chunk-6AM2523Y.js"
    },
    "chunk-4MZAX6BM": {
      "file": "chunk-4MZAX6BM.js"
    },
    "chunk-FRPRYHQD": {
      "file": "chunk-FRPRYHQD.js"
    }
  }
}