{
  "hash": "32f14b5c",
  "configHash": "ea393370",
  "lockfileHash": "c5b58a4c",
  "browserHash": "d9f57baa",
  "optimized": {
    "@angular/common": {
      "src": "../../../../../node_modules/@angular/common/fesm2022/common.mjs",
      "file": "@angular_common.js",
      "fileHash": "42ddf83c",
      "needsInterop": false
    },
    "@angular/core": {
      "src": "../../../../../node_modules/@angular/core/fesm2022/core.mjs",
      "file": "@angular_core.js",
      "fileHash": "1f4ba464",
      "needsInterop": false
    },
    "@angular/platform-browser": {
      "src": "../../../../../node_modules/@angular/platform-browser/fesm2022/platform-browser.mjs",
      "file": "@angular_platform-browser.js",
      "fileHash": "0bcfc760",
      "needsInterop": false
    },
    "@angular/router": {
      "src": "../../../../../node_modules/@angular/router/fesm2022/router.mjs",
      "file": "@angular_router.js",
      "fileHash": "d0656807",
      "needsInterop": false
    },
    "@angular/common/http": {
      "src": "../../../../../node_modules/@angular/common/fesm2022/http.mjs",
      "file": "@angular_common_http.js",
      "fileHash": "0c249fcf",
      "needsInterop": false
    }
  },
  "chunks": {
    "chunk-MWTFILZX": {
      "file": "chunk-MWTFILZX.js"
    },
    "chunk-TUWWRYIO": {
      "file": "chunk-TUWWRYIO.js"
    },
    "chunk-42HI5PUK": {
      "file": "chunk-42HI5PUK.js"
    },
    "chunk-LF2LKXYJ": {
      "file": "chunk-LF2LKXYJ.js"
    }
  }
}