{
  "hash": "99bd989c",
  "configHash": "2ea8363f",
  "lockfileHash": "1e0174ec",
  "browserHash": "53c0d5b5",
  "optimized": {
    "@angular/common": {
      "src": "../../../../../node_modules/@angular/common/fesm2022/common.mjs",
      "file": "@angular_common.js",
      "fileHash": "24c54a4b",
      "needsInterop": false
    },
    "@angular/core": {
      "src": "../../../../../node_modules/@angular/core/fesm2022/core.mjs",
      "file": "@angular_core.js",
      "fileHash": "3f9a13a8",
      "needsInterop": false
    },
    "@angular/forms": {
      "src": "../../../../../node_modules/@angular/forms/fesm2022/forms.mjs",
      "file": "@angular_forms.js",
      "fileHash": "483132a5",
      "needsInterop": false
    },
    "@angular/platform-browser": {
      "src": "../../../../../node_modules/@angular/platform-browser/fesm2022/platform-browser.mjs",
      "file": "@angular_platform-browser.js",
      "fileHash": "777bfb3d",
      "needsInterop": false
    },
    "@angular/router": {
      "src": "../../../../../node_modules/@angular/router/fesm2022/router.mjs",
      "file": "@angular_router.js",
      "fileHash": "05a5e939",
      "needsInterop": false
    }
  },
  "chunks": {
    "chunk-7YPWHJBN": {
      "file": "chunk-7YPWHJBN.js"
    },
    "chunk-SJQNNIAA": {
      "file": "chunk-SJQNNIAA.js"
    },
    "chunk-RBFO6OI2": {
      "file": "chunk-RBFO6OI2.js"
    }
  }
}