{
  "hash": "5d5771db",
  "configHash": "a069666c",
  "lockfileHash": "0258e951",
  "browserHash": "6e9b552d",
  "optimized": {
    "@angular/core": {
      "src": "../../../../../node_modules/@angular/core/fesm2022/core.mjs",
      "file": "@angular_core.js",
      "fileHash": "5bb8f2eb",
      "needsInterop": false
    },
    "@angular/platform-browser": {
      "src": "../../../../../node_modules/@angular/platform-browser/fesm2022/platform-browser.mjs",
      "file": "@angular_platform-browser.js",
      "fileHash": "d9eedd89",
      "needsInterop": false
    },
    "@angular/router": {
      "src": "../../../../../node_modules/@angular/router/fesm2022/router.mjs",
      "file": "@angular_router.js",
      "fileHash": "542638cd",
      "needsInterop": false
    },
    "@angular/common": {
      "src": "../../../../../node_modules/@angular/common/fesm2022/common.mjs",
      "file": "@angular_common.js",
      "fileHash": "5d25a5fc",
      "needsInterop": false
    },
    "@angular/common/http": {
      "src": "../../../../../node_modules/@angular/common/fesm2022/http.mjs",
      "file": "@angular_common_http.js",
      "fileHash": "a9daddc1",
      "needsInterop": false
    },
    "@angular/forms": {
      "src": "../../../../../node_modules/@angular/forms/fesm2022/forms.mjs",
      "file": "@angular_forms.js",
      "fileHash": "94196289",
      "needsInterop": false
    },
    "ngx-toastr": {
      "src": "../../../../../node_modules/ngx-toastr/fesm2022/ngx-toastr.mjs",
      "file": "ngx-toastr.js",
      "fileHash": "42913792",
      "needsInterop": false
    },
    "@angular/platform-browser/animations": {
      "src": "../../../../../node_modules/@angular/platform-browser/fesm2022/animations.mjs",
      "file": "@angular_platform-browser_animations.js",
      "fileHash": "8b46668b",
      "needsInterop": false
    }
  },
  "chunks": {
    "chunk-UBVJEWFC": {
      "file": "chunk-UBVJEWFC.js"
    },
    "chunk-A4HGNWEW": {
      "file": "chunk-A4HGNWEW.js"
    },
    "chunk-4TNICGIJ": {
      "file": "chunk-4TNICGIJ.js"
    },
    "chunk-K2YNOWK4": {
      "file": "chunk-K2YNOWK4.js"
    },
    "chunk-YVOBCSOD": {
      "file": "chunk-YVOBCSOD.js"
    }
  }
}