{
  "hash": "726f02d5",
  "configHash": "dbfba63e",
  "lockfileHash": "0258e951",
  "browserHash": "a9efa153",
  "optimized": {
    "@angular/common": {
      "src": "../../../../../node_modules/@angular/common/fesm2022/common.mjs",
      "file": "@angular_common.js",
      "fileHash": "d1dea3b8",
      "needsInterop": false
    },
    "@angular/common/http": {
      "src": "../../../../../node_modules/@angular/common/fesm2022/http.mjs",
      "file": "@angular_common_http.js",
      "fileHash": "58f967d9",
      "needsInterop": false
    },
    "@angular/core": {
      "src": "../../../../../node_modules/@angular/core/fesm2022/core.mjs",
      "file": "@angular_core.js",
      "fileHash": "d14a1ee5",
      "needsInterop": false
    },
    "@angular/forms": {
      "src": "../../../../../node_modules/@angular/forms/fesm2022/forms.mjs",
      "file": "@angular_forms.js",
      "fileHash": "b61e0326",
      "needsInterop": false
    },
    "@angular/platform-browser": {
      "src": "../../../../../node_modules/@angular/platform-browser/fesm2022/platform-browser.mjs",
      "file": "@angular_platform-browser.js",
      "fileHash": "06b218a1",
      "needsInterop": false
    },
    "@angular/platform-browser/animations": {
      "src": "../../../../../node_modules/@angular/platform-browser/fesm2022/animations.mjs",
      "file": "@angular_platform-browser_animations.js",
      "fileHash": "a99e0480",
      "needsInterop": false
    },
    "@angular/router": {
      "src": "../../../../../node_modules/@angular/router/fesm2022/router.mjs",
      "file": "@angular_router.js",
      "fileHash": "a5c422ad",
      "needsInterop": false
    },
    "ngx-toastr": {
      "src": "../../../../../node_modules/ngx-toastr/fesm2022/ngx-toastr.mjs",
      "file": "ngx-toastr.js",
      "fileHash": "d93bc59b",
      "needsInterop": false
    }
  },
  "chunks": {
    "chunk-UBVJEWFC": {
      "file": "chunk-UBVJEWFC.js"
    },
    "chunk-A4HGNWEW": {
      "file": "chunk-A4HGNWEW.js"
    },
    "chunk-4TNICGIJ": {
      "file": "chunk-4TNICGIJ.js"
    },
    "chunk-K2YNOWK4": {
      "file": "chunk-K2YNOWK4.js"
    },
    "chunk-YVOBCSOD": {
      "file": "chunk-YVOBCSOD.js"
    }
  }
}